<?xml version="1.0" encoding="UTF-8"?>

<beans xmlns="http://www.springframework.org/schema/beans"
	xmlns:xsi="http://www.w3.org/2001/XMLSchema-instance" xmlns:context="http://www.springframework.org/schema/context"
	xmlns:aop="http://www.springframework.org/schema/aop" xmlns:tx="http://www.springframework.org/schema/tx"
	xmlns:mvc="http://www.springframework.org/schema/mvc" xmlns:util="http://www.springframework.org/schema/util"
	xsi:schemaLocation="http://www.springframework.org/schema/beans http://www.springframework.org/schema/beans/spring-beans-4.1.xsd
           http://www.springframework.org/schema/aop http://www.springframework.org/schema/aop/spring-aop-4.1.xsd
           http://www.springframework.org/schema/tx http://www.springframework.org/schema/tx/spring-tx-4.1.xsd
           http://www.springframework.org/schema/context
           http://www.springframework.org/schema/context/spring-context-4.1.xsd
           http://www.springframework.org/schema/mvc http://www.springframework.org/schema/mvc/spring-mvc-4.1.xsd
           http://www.springframework.org/schema/util http://www.springframework.org/schema/util/spring-util-4.1.xsd">

	<context:annotation-config/>
	<context:component-scan base-package="com.kafka.action" />

	<bean id="propertyPlaceholderConfigurer"
		class="org.springframework.beans.factory.config.PropertyPlaceholderConfigurer">
		<property name="locations">
			<list>
				<value>${env.dir}/kafka.properties</value>
			</list>
		</property>
	</bean>
	
	<mvc:annotation-driven>
		<mvc:message-converters>
			<bean class="org.springframework.http.converter.StringHttpMessageConverter">
				<constructor-arg value="UTF-8" />
				<property name="writeAcceptCharset" value="false" />
			</bean>
			<bean
				class="org.springframework.http.converter.json.MappingJackson2HttpMessageConverter">
				<property name="supportedMediaTypes">
					<list>
						<value>application/json; charset=UTF-8</value>
						<value>application/x-www-form-urlencoded; charset=UTF-8</value>
					</list>
				</property>
			</bean>
		</mvc:message-converters>
	</mvc:annotation-driven>

	<!-- for transaction -->
	<tx:annotation-driven transaction-manager="txManager" />

	<!-- for aop annotation -->
	<aop:aspectj-autoproxy />

	<import resource="classpath:spring/producer.xml" />
	<import resource="classpath:spring/consumer.xml" />
</beans>