<?xml version="1.0" encoding="UTF-8"?>  
<beans xmlns="http://www.springframework.org/schema/beans"  
     xmlns:xsi="http://www.w3.org/2001/XMLSchema-instance"  
     xmlns:context="http://www.springframework.org/schema/context"  
     xsi:schemaLocation="http://www.springframework.org/schema/beans  
         http://www.springframework.org/schema/beans/spring-beans.xsd  
         http://www.springframework.org/schema/context  
         http://www.springframework.org/schema/context/spring-context.xsd">  
      
     <!-- 定义实例化producer的参数 -->  
     <bean id="producerProperties" class="java.util.HashMap">  
        <constructor-arg>  
            <map>  
                <entry key="bootstrap.servers" value="${bootstrap.servers}"/>  
                <entry key="key.serializer" value="${key.serializer}"/>  
                <entry key="value.serializer" value="${value.serializer}"/>  
            </map>  
        </constructor-arg>  
     </bean>  
       
     <!-- 实例化DefaultKafkaProducerFactory,用于根据配置创建一个KafkaProducer实例  -->  
     <bean id="producerFactory" class="org.springframework.kafka.core.DefaultKafkaProducerFactory" >  
        <constructor-arg>  
            <ref bean="producerProperties"/>  
        </constructor-arg>  
     </bean>  
       
     <bean id="producerListener" class="com.kafka.action.chapter7.spring.producer.SpringKafkaProducerListener"/>
     <!-- 创建kafkatemplate-->  
     <bean id="kafkaTemplate" class="org.springframework.kafka.core.KafkaTemplate"> 
        <!-- 指定ProducerFactory实例 -->
        <constructor-arg index="0" ref="producerFactory"/> 
        <!-- 同步模式 --> 
        <constructor-arg index="1" value="true"/> 
        <!-- 指定一个默认的主题 --> 
        <property name="defaultTopic" value="${defaultTopic}"/>  
        <!-- 指定一个自定义的ProducerListener -->
        <property name="producerListener" ref="producerListener"/>
     </bean>  
  
</beans>  